metric,value,denominator,unit,scope,source_url,interpretation
tracked_people,328,328,people,October cohort,https://github.com/mishakgg/pdoom-live/blob/f5274396885dbb654fc2861a78fa5be8f42fad38/data/reports/coverage-v2026-10-people.jsonl,"Purposive roster, not all AI researchers. Count checked against report."
verified_external_identity,246,328,people,Stored October coverage report; overlapping funnel stages,https://github.com/mishakgg/pdoom-live/blob/f5274396885dbb654fc2861a78fa5be8f42fad38/data/reports/coverage-v2026-10.json,"People counts, not statement counts. Eligibility is static report classification, not human approval or verified live publication."
accessible_source,250,328,people,Stored October coverage report; overlapping funnel stages,https://github.com/mishakgg/pdoom-live/blob/f5274396885dbb654fc2861a78fa5be8f42fad38/data/reports/coverage-v2026-10.json,"People counts, not statement counts. Eligibility is static report classification, not human approval or verified live publication."
nonacademic_accessible_source,24,328,people,Stored October coverage report; overlapping funnel stages,https://github.com/mishakgg/pdoom-live/blob/f5274396885dbb654fc2861a78fa5be8f42fad38/data/reports/coverage-v2026-10.json,"People counts, not statement counts. Eligibility is static report classification, not human approval or verified live publication."
observed_item,63,328,people,Stored October coverage report; overlapping funnel stages,https://github.com/mishakgg/pdoom-live/blob/f5274396885dbb654fc2861a78fa5be8f42fad38/data/reports/coverage-v2026-10.json,"People counts, not statement counts. Eligibility is static report classification, not human approval or verified live publication."
attributable_evidence,63,328,people,Stored October coverage report; overlapping funnel stages,https://github.com/mishakgg/pdoom-live/blob/f5274396885dbb654fc2861a78fa5be8f42fad38/data/reports/coverage-v2026-10.json,"People counts, not statement counts. Eligibility is static report classification, not human approval or verified live publication."
usable_evidence,22,328,people,Stored October coverage report; overlapping funnel stages,https://github.com/mishakgg/pdoom-live/blob/f5274396885dbb654fc2861a78fa5be8f42fad38/data/reports/coverage-v2026-10.json,"People counts, not statement counts. Eligibility is static report classification, not human approval or verified live publication."
statement_candidate,15,328,people,Stored October coverage report; overlapping funnel stages,https://github.com/mishakgg/pdoom-live/blob/f5274396885dbb654fc2861a78fa5be8f42fad38/data/reports/coverage-v2026-10.json,"People counts, not statement counts. Eligibility is static report classification, not human approval or verified live publication."
public_review_eligible_statement,12,328,people,Stored October coverage report; overlapping funnel stages,https://github.com/mishakgg/pdoom-live/blob/f5274396885dbb654fc2861a78fa5be8f42fad38/data/reports/coverage-v2026-10.json,"People counts, not statement counts. Eligibility is static report classification, not human approval or verified live publication."
research_export_eligible_statement,2,328,people,Stored October coverage report; overlapping funnel stages,https://github.com/mishakgg/pdoom-live/blob/f5274396885dbb654fc2861a78fa5be8f42fad38/data/reports/coverage-v2026-10.json,"People counts, not statement counts. Eligibility is static report classification, not human approval or verified live publication."
china_headquartered_affiliation_people,15,328,people,October per-person report,https://github.com/mishakgg/pdoom-live/blob/f5274396885dbb654fc2861a78fa5be8f42fad38/data/reports/coverage-v2026-10-people.jsonl,"Current organization headquarters, not nationality, citizenship or document language."
china_headquartered_affiliation_with_usable_evidence,0,15,people,CN-headquartered subset of October per-person report,https://github.com/mishakgg/pdoom-live/blob/f5274396885dbb654fc2861a78fa5be8f42fad38/data/reports/coverage-v2026-10-people.jsonl,"Zero means no usable evidence in this saved report, never zero risk."
registry_rows,322,,source rows,October registry,https://github.com/mishakgg/pdoom-live/blob/f5274396885dbb654fc2861a78fa5be8f42fad38/data/seed/cohort/v2026-10/sources.jsonl,Source registration is not observation or extraction.
explicit_zh_registry_rows,2,322,source rows,October registry,https://github.com/mishakgg/pdoom-live/blob/f5274396885dbb654fc2861a78fa5be8f42fad38/data/seed/cohort/v2026-10/sources.jsonl,"Language fields are incomplete; both rows are disabled reference-only profiles, not personal forecasts."
explicit_zh_registry_rows_enabled,0,2,source rows,Rows with explicit zh language,https://github.com/mishakgg/pdoom-live/blob/f5274396885dbb654fc2861a78fa5be8f42fad38/data/seed/cohort/v2026-10/sources.jsonl,Not a measure of all Chinese-language internet sources.
openalex_registry_rows,246,322,source rows,October registry,https://github.com/mishakgg/pdoom-live/blob/f5274396885dbb654fc2861a78fa5be8f42fad38/data/seed/cohort/v2026-10/sources.jsonl,Author-work metadata configurations; not246 substantive belief sources.
arxiv_registry_rows,0,322,source rows,October registry,https://github.com/mishakgg/pdoom-live/blob/f5274396885dbb654fc2861a78fa5be8f42fad38/data/seed/cohort/v2026-10/sources.jsonl,Runtime supports arXiv but registry has no arxiv_api rows.
saved_september_observation_rows,234,,rows,September saved source_observations.jsonl,https://github.com/mishakgg/pdoom-live/blob/f5274396885dbb654fc2861a78fa5be8f42fad38/data/collections/cohort-v2026-09/source_observations.jsonl,Not unique documents or independent people.
saved_october_observation_rows,99,,rows,October saved source_observations.jsonl,https://github.com/mishakgg/pdoom-live/blob/f5274396885dbb654fc2861a78fa5be8f42fad38/data/collections/cohort-v2026-10/source_observations.jsonl,Not unique documents or independent people.
saved_combined_observation_rows,333,,rows,Both saved observation files,https://github.com/mishakgg/pdoom-live/blob/f5274396885dbb654fc2861a78fa5be8f42fad38/data/reports/coverage-v2026-10.json,333 raw rows; report notes one duplicate canonical URL. No global web-content denominator.
saved_combined_candidate_rows,41,,candidate statement rows,Both saved candidate_statements.jsonl files,https://github.com/mishakgg/pdoom-live/blob/f5274396885dbb654fc2861a78fa5be8f42fad38/data/reports/coverage-v2026-10.json,40September+1October. Candidate does not imply accepted or publicly displayed.
candidate_review_state_machine_validated,2,41,candidate statement rows,Both saved candidate files,https://github.com/mishakgg/pdoom-live/blob/f5274396885dbb654fc2861a78fa5be8f42fad38/data/reports/coverage-v2026-10.json,"Machine review state, not human approval."
candidate_review_state_needs_review,27,41,candidate statement rows,Both saved candidate files,https://github.com/mishakgg/pdoom-live/blob/f5274396885dbb654fc2861a78fa5be8f42fad38/data/reports/coverage-v2026-10.json,"Machine review state, not human approval."
candidate_review_state_unreviewed,12,41,candidate statement rows,Both saved candidate files,https://github.com/mishakgg/pdoom-live/blob/f5274396885dbb654fc2861a78fa5be8f42fad38/data/reports/coverage-v2026-10.json,"Machine review state, not human approval."
candidate_human_verified_rows,0,41,candidate statement rows,Both saved candidate files,https://github.com/mishakgg/pdoom-live/blob/f5274396885dbb654fc2861a78fa5be8f42fad38/data/reports/coverage-v2026-10.json,Checked-in candidate states only. Live database review decisions not inspected.
deepseek_catalog_rows,36,,metadata rows,DeepSeek catalog only,https://github.com/mishakgg/pdoom-live/blob/f5274396885dbb654fc2861a78fa5be8f42fad38/data/catalogs/deepseek_pages.json,"Titles/URLs/dates/rights; no article body, benchmark measurement or extracted statement."
deepseek_zh_route_rows,18,36,metadata rows,DeepSeek catalog only,https://github.com/mishakgg/pdoom-live/blob/f5274396885dbb654fc2861a78fa5be8f42fad38/data/catalogs/deepseek_pages.json,Chinese-route/title metadata is not proof of collected original Chinese body.
deepseek_language_paired_page_groups,18,36,paired URL groups,DeepSeek catalog only,https://github.com/mishakgg/pdoom-live/blob/f5274396885dbb654fc2861a78fa5be8f42fad38/data/catalogs/deepseek_pages.json,36rows collapse to18 bilingual route groups; not36 independent claims.
